n00007846,person,1242,1138
n09505153,spiritual leader,1214,394
n09537660,messiah,180,176
n09556121,Rhea Silvia,5,0
n09605110,number one,30,19
n09606009,adventurer,228,190
n09606527,anomaly,801,633
n09607630,appointee,1255,299
n09607782,argonaut,34,28
n09607903,Ashkenazi,511,60
n09608709,benefactor,473,454
n09610255,color-blind person,140,10
n09610405,commoner,1257,848
n09611722,conservator,87,60
n09612700,contrarian,437,1
n09613118,contadino,429,331
n09613191,contestant,12,12
n09613690,cosigner,7,0
n09615336,discussant,256,58
n09616573,enologist,80,47
n09616922,entertainer,566,525
n09617161,eulogist,217,2
n09617435,ex-gambler,24,0
n09617577,experimenter,35,6
n09617696,experimenter,220,16
n09618760,exponent,895,488
n09618880,ex-president,587,161
n09618957,face,1570,1390
n09619168,female,1371,1074
n09619452,finisher,25,24
n09620078,inhabitant,987,922
n09620794,native,1265,912
n09621232,native,1406,1080
n09622049,juvenile,498,317
n09622302,lover,1210,983
n09624168,male,1407,1285
n09624559,mediator,675,318
n09624899,mediatrix,182,119
n09625401,national,352,305
n09626238,peer,1213,830
n09627807,prize winner,91,16
n09627906,recipient,1202,775
n09629065,religionist,253,172
n09629246,sensualist,289,153
n09629752,traveler,566,549
n09631129,unwelcome person,5,0
n09632274,unskilled person,44,0
n09632518,worker,1127,828
n09633969,wrongdoer,211,7
n09635534,Black African,1210,855
n09635635,Afrikaner,42,33
n09635973,Aryan,392,288
n09636339,Black,1404,677
n09637339,Black woman,1203,626
n09638454,mulatto,604,376
n09638875,White,1243,1007
n09639382,Circassian,16,9
n09639919,Semite,603,64
n09640327,Chaldean,98,45
n09640715,Elamite,479,172
n09641002,white man,844,508
n09641578,WASP,202,40
n09643799,gook,605,146
n09644152,Mongol,1268,949
n09644657,Tatar,397,200
n09648743,Nahuatl,457,258
n09648911,Aztec,9,5
n09649067,Olmec,21,11
n09650729,Biloxi,938,676
n09650839,Blackfoot,120,39
n09650989,Brule,59,51
n09651123,Caddo,557,297
n09651968,Cheyenne,116,48
n09652149,Chickasaw,1196,866
n09653144,Cocopa,315,0
n09653438,Comanche,33,4
n09654079,Creek,10,0
n09654518,Delaware,654,214
n09654898,Diegueno,117,0
n09655213,Esselen,363,81
n09655466,Eyeish,15,0
n09656077,Havasupai,455,389
n09657206,Hunkpapa,40,0
n09657748,Iowa,367,166
n09658254,Kalapooia,9,6
n09658398,Kamia,369,184
n09658815,Kekchi,112,37
n09658921,Kichai,63,0
n09659039,Kickapoo,1282,1183
n09659188,Kiliwa,841,457
n09660010,Malecite,200,181
n09660240,Maricopa,35,25
n09661873,Mohican,764,573
n09662038,Muskhogean,145,2
n09662661,Navaho,106,61
n09662951,Nootka,46,0
n09663248,Oglala,30,10
n09663786,Osage,5,0
n09663999,Oneida,91,82
n09664556,Paiute,6,3
n09664908,Passamaquody,18,0
n09665367,Penobscot,282,161
n09665545,Penutian,98,0
n09666349,Potawatomi,288,147
n09666476,Powhatan,9,6
n09666883,kachina,1204,418
n09667358,Salish,46,37
n09668199,Shahaptian,8,0
n09668437,Shasta,429,260
n09668562,Shawnee,153,93
n09668988,Sihasapa,94,1
n09669631,Teton,1,1
n09670280,Taracahitian,26,0
n09670521,Tarahumara,652,388
n09670909,Tuscarora,396,269
n09671089,Tutelo,8,0
n09672590,Yana,428,178
n09672725,Yavapai,113,59
n09672840,Yokuts,49,33
n09673091,Yuma,327,196
n09674412,Gadaba,323,160
n09674786,Kolam,45,26
n09675045,Kui,46,6
n09675673,Toda,14,13
n09675799,Tulu,307,36
n09675922,Gujarati,916,764
n09676021,Kashmiri,735,501
n09676247,Punjabi,1079,1013
n09676884,Slav,1235,852
n09677427,Anabaptist,49,3
n09678747,Adventist,34,32
n09679028,gentile,74,66
n09679170,gentile,767,440
n09679925,Catholic,238,121
n09680908,Old Catholic,109,72
n09681107,Uniat,161,4
n09681234,Copt,551,236
n09681973,Jewess,48,10
n09683180,Jihadist,334,11
n09683757,Buddhist,1047,627
n09683924,Zen Buddhist,541,385
n09684082,Mahayanist,103,3
n09684901,swami,1308,1211
n09685233,Hare Krishna,257,154
n09685806,Shintoist,92,7
n09686262,Eurafrican,8,0
n09686401,Eurasian,584,376
n09688233,Gael,285,154
n09688804,Frank,1256,964
n09689435,Afghan,820,423
n09689958,Albanian,1194,989
n09690083,Algerian,240,83
n09690208,Altaic,129,2
n09690496,Andorran,194,30
n09690621,Angolan,694,248
n09690864,Anguillan,174,0
n09691604,Austrian,63,52
n09691729,Bahamian,1327,1245
n09691858,Bahraini,453,117
n09692125,Basotho,23,6
n09692915,Herero,964,448
n09693244,Luba,405,22
n09693982,Barbadian,953,395
n09694664,Bolivian,1288,1001
n09694771,Bornean,1273,591
n09695019,Carioca,231,188
n09695132,Tupi,142,119
n09695514,Bruneian,450,139
n09695620,Bulgarian,788,514
n09695979,Byelorussian,1384,716
n09696456,Cameroonian,1252,274
n09696585,Canadian,1132,668
n09696763,French Canadian,503,259
n09697401,Central American,1042,676
n09697986,Chilean,176,93
n09698644,Congolese,577,317
n09699020,Cypriot,280,166
n09699642,Dane,95,84
n09700125,Djiboutian,78,2
n09700964,Britisher,1226,731
n09701148,English person,533,314
n09701833,Englishwoman,817,81
n09702134,Anglo-Saxon,18,4
n09702673,Angle,62,49
n09703101,West Saxon,48,20
n09703344,Lombard,66,59
n09703485,limey,597,292
n09703708,Cantabrigian,449,6
n09703809,Cornishman,209,3
n09703932,Cornishwoman,23,0
n09704057,Lancastrian,103,15
n09704157,Lancastrian,5,0
n09704283,Geordie,38,24
n09705003,Oxonian,29,0
n09705124,Ethiopian,1268,983
n09705671,Amhara,110,32
n09705784,Eritrean,1216,612
n09706029,Finn,273,256
n09706255,Komi,719,410
n09707061,Livonian,147,3
n09707289,Lithuanian,1203,701
n09707735,Selkup,18,0
n09708750,Parisian,1237,733
n09708889,Parisienne,521,374
n09709531,Creole,110,61
n09709673,Creole,313,162
n09710041,Gabonese,449,6
n09710164,Greek,60,50
n09710886,Dorian,282,160
n09711132,Athenian,9,9
n09711435,Laconian,1237,778
n09712324,Guyanese,1171,498
n09712448,Haitian,1319,1103
n09712696,Malay,1489,1136
n09712967,Moro,92,77
n09713108,Netherlander,1302,1054
n09714120,Icelander,94,88
n09714694,Iraqi,1151,754
n09715165,Irishman,391,269
n09715303,Irishwoman,253,15
n09715427,Dubliner,1206,978
n09716047,Italian,304,292
n09716933,Roman,8,7
n09717233,Sabine,1060,526
n09718217,Japanese,1510,1220
n09718811,Jordanian,1249,606
n09718936,Korean,1302,869
n09719309,Kenyan,1341,989
n09719794,Lao,868,559
n09720033,Lapp,520,503
n09720256,Latin American,1183,973
n09720595,Lebanese,732,610
n09720702,Levantine,430,56
n09720842,Liberian,1141,577
n09721244,Luxemburger,223,32
n09721444,Macedonian,73,69
n09722064,Sabahan,125,67
n09722658,Mexican,1208,817
n09722817,Chicano,361,223
n09723067,Mexican-American,1176,722
n09723819,Namibian,312,189
n09723944,Nauruan,23,1
n09724234,Gurkha,117,72
n09724533,New Zealander,954,502
n09724656,Nicaraguan,1089,901
n09724785,Nigerian,1442,1228
n09725000,Hausa,557,208
n09725229,North American,171,159
n09725546,Nova Scotian,362,202
n09725653,Omani,1137,722
n09725772,Pakistani,742,400
n09725935,Brahui,28,3
n09726621,South American Indian,461,410
n09726811,Carib,98,88
n09727440,Filipino,1190,976
n09727826,Polynesian,1242,1194
n09728137,Qatari,592,226
n09728285,Romanian,905,491
n09729062,Muscovite,355,60
n09729156,Georgian,27,16
n09730077,Sarawakian,668,147
n09730204,Scandinavian,959,821
n09730824,Senegalese,1279,718
n09731343,Slovene,823,210
n09731436,South African,977,455
n09731571,South American,27,20
n09732170,Sudanese,1350,954
n09733459,Syrian,432,226
n09733793,Tahitian,1544,1538
n09734185,Tanzanian,1251,711
n09734450,Tibetan,1281,1048
n09734535,Togolese,1163,188
n09734639,Tuareg,1229,722
n09735258,Turki,86,38
n09735654,Chuvash,317,12
n09736485,Turkoman,12,4
n09736798,Uzbek,445,185
n09736945,Ugandan,1212,726
n09737050,Ukranian,132,101
n09737161,Yakut,7,2
n09737453,Tungus,89,4
n09738121,Igbo,631,196
n09738400,American,140,132
n09740724,Anglo-American,648,142
n09741074,Alaska Native,185,132
n09741331,Arkansan,435,50
n09741722,Carolinian,183,92
n09741816,Coloradan,450,55
n09741904,Connecticuter,56,3
n09741999,Delawarean,428,11
n09742101,Floridian,1060,675
n09742315,German American,755,516
n09742927,Illinoisan,265,22
n09743487,Mainer,752,613
n09743601,Marylander,5,1
n09743792,Minnesotan,1351,753
n09744161,Nebraskan,1206,1025
n09744346,New Hampshirite,302,24
n09744462,New Jerseyan,387,3
n09744679,New Yorker,125,66
n09744834,North Carolinian,1091,490
n09745229,Oregonian,197,188
n09745324,Pennsylvanian,310,78
n09745834,Texan,170,136
n09745933,Utahan,6,1
n09746936,Uruguayan,29,21
n09747191,Vietnamese,569,447
n09747495,Gambian,1340,544
n09748101,East German,273,135
n09748408,Berliner,42,21
n09748648,Prussian,428,83
n09748889,Ghanian,92,9
n09749386,Guinean,836,269
n09750282,Papuan,1407,1347
n09750641,Walloon,456,287
n09750770,Yemeni,1212,803
n09750891,Yugoslav,1223,170
n09751076,Serbian,49,44
n09751496,Xhosa,758,369
n09751622,Zairese,55,4
n09751895,Zimbabwean,1250,443
n09752023,Zulu,1236,671
n09752519,Gemini,929,604
n09753348,Sagittarius,107,102
n09753792,Pisces,524,521
n09754152,abbe,136,37
n09754217,abbess,451,44
n09754633,abnegator,256,1
n09754907,abridger,290,180
n09755086,abstractor,7,0
n09755241,absconder,440,1
n09755555,absolver,20,0
n09755788,abecedarian,18,3
n09755893,aberrant,90,41
n09756049,abettor,812,27
n09756195,abhorrer,18,1
n09756961,abomination,70,63
n09757449,abseiler,723,173
n09758173,abstainer,114,104
n09758885,academic administrator,584,17
n09759501,academician,545,183
n09760290,accessory before the fact,33,7
n09760609,companion,807,515
n09760913,accompanist,437,102
n09761068,accomplice,487,263
n09761753,account executive,4,0
n09762011,accused,424,53
n09762385,accuser,12,0
n09763272,acid head,45,13
n09763784,acquaintance,1261,1073
n09764201,acquirer,267,1
n09764598,aerialist,1559,1171
n09764732,action officer,163,68
n09764900,active,593,442
n09765118,active citizen,461,152
n09765278,actor,141,134
n09767197,actor,1217,986
n09769076,addict,188,169
n09769525,adducer,11,0
n09769929,adjuster,30,0
n09770179,adjutant,1204,416
n09770359,adjutant general,959,70
n09771435,admirer,333,209
n09772330,adoptee,34,14
n09772746,adulterer,65,11
n09772930,adulteress,1216,754
n09773962,advertiser,220,155
n09774167,advisee,159,0
n09774783,advocate,919,461
n09775907,aeronautical engineer,32,17
n09776346,affiliate,736,635
n09776642,affluent,77,20
n09776807,aficionado,57,53
n09777870,buck sergeant,149,5
n09778266,agent-in-place,26,0
n09778537,aggravator,14,3
n09778783,agitator,198,12
n09778927,agnostic,46,46
n09779124,agnostic,10,4
n09779280,agonist,227,79
n09779461,agony aunt,176,3
n09779790,agriculturist,1195,608
n09780395,air attache,15,0
n09780828,air force officer,217,172
n09780984,airhead,8,0
n09781398,air traveler,7,1
n09781504,alarmist,25,4
n09781650,albino,9,4
n09782167,alcoholic,753,583
n09782397,alderman,950,476
n09782855,alexic,205,52
n09783537,alienee,105,12
n09783776,alienor,44,6
n09783884,aliterate,426,10
n09784043,algebraist,23,0
n09784160,allegorizer,32,0
n09784564,alliterator,109,4
n09785236,almoner,17,1
n09785659,alpinist,1282,449
n09785891,altar boy,697,448
n09786115,alto,6,3
n09787534,ambassador,1390,900
n09787765,ambassador,1135,451
n09788073,ambusher,28,0
n09788237,amicus curiae,31,0
n09789150,amoralist,9,0
n09789566,amputee,1215,775
n09789898,analogist,10,1
n09790047,analphabet,17,2
n09790482,analyst,39,31
n09791014,industry analyst,554,19
n09791419,market strategist,570,6
n09791816,anarchist,774,611
n09792125,anathema,1,0
n09792555,ancestor,640,615
n09792969,anchor,1102,535
n09793141,ancient,1560,1418
n09793352,anecdotist,10,3
n09793946,angler,365,285
n09794550,animator,1,0
n09794668,animist,156,32
n09795010,annotator,47,2
n09795124,announcer,38,35
n09795334,announcer,10,9
n09796809,anti,863,716
n09796974,anti-American,39,4
n09797742,anti-Semite,76,3
n09797873,Anzac,561,392
n09797998,ape-man,75,15
n09798096,aphakic,129,1
n09800469,appellant,404,8
n09800964,appointee,1353,77
n09801102,apprehender,89,0
n09801275,April fool,74,66
n09801533,aspirant,517,516
n09802445,appreciator,226,38
n09802641,appropriator,17,0
n09802951,Arabist,119,3
n09804230,archaist,36,0
n09805151,archbishop,516,472
n09805324,archer,1170,787
n09805475,architect,10,5
n09806944,archivist,18,9
n09807075,archpriest,24,2
n09808080,Aristotelian,140,3
n09808591,armiger,65,10
n09809279,army attache,230,3
n09809538,army engineer,469,284
n09809749,army officer,875,640
n09809925,arranger,1083,143
n09810166,arrival,21,19
n09811568,arthritic,120,5
n09811712,articulator,7,4
n09811852,artilleryman,1216,549
n09813219,artist's model,1445,1317
n09814252,assayer,11,0
n09814381,assemblyman,139,60
n09814488,assemblywoman,420,73
n09814567,assenter,126,1
n09814660,asserter,672,28
n09815455,assignee,372,2
n09815790,assistant,287,260
n09816654,assistant professor,214,80
n09816771,associate,1339,1329
n09817174,associate,15,6
n09817386,associate professor,111,77
n09818022,astronaut,1201,573
n09819477,cosmographer,20,1
n09820044,atheist,136,118
n09820263,athlete,1551,1543
n09821831,attendant,32,31
n09822830,attorney general,1427,613
n09823153,auditor,215,84
n09823287,augur,158,69
n09823502,aunt,1314,1221
n09823832,au pair girl,625,554
n09824135,authoritarian,618,305
n09824609,authority,622,428
n09825096,authorizer,127,1
n09825750,automobile mechanic,10,3
n09826204,aviator,329,166
n09826605,aviatrix,350,35
n09826821,ayah,231,169
n09827246,babu,604,272
n09827363,baby,1273,902
n09828216,baby,1183,735
n09828403,baby boomer,44,25
n09828988,baby farmer,164,122
n09830194,back,864,90
n09830400,backbencher,648,5
n09830629,backpacker,588,224
n09830759,backroom boy,15,2
n09830926,backscratcher,183,2
n09831962,bad person,17,14
n09832456,baggage,801,105
n09832633,bag lady,156,145
n09832978,bailee,12,9
n09833111,bailiff,146,3
n09833275,bailor,50,2
n09833441,bairn,1285,1154
n09833536,baker,1079,480
n09833751,balancer,109,38
n09833997,balker,250,1
n09834258,ball-buster,49,6
n09834378,ball carrier,657,100
n09834699,ballet dancer,1468,1340
n09834885,ballet master,374,172
n09835017,ballet mistress,194,5
n09835153,balletomane,308,3
n09835230,ball hawk,844,377
n09835348,balloonist,1273,909
n09835506,ballplayer,1319,1000
n09836160,bullfighter,1398,956
n09836343,banderillero,1239,616
n09836519,matador,1241,818
n09836786,picador,1220,930
n09837459,bandsman,235,47
n09837720,banker,171,82
n09838295,bank robber,75,38
n09838370,bankrupt,143,80
n09838621,bantamweight,1119,536
n09839702,barmaid,757,580
n09840217,baron,1367,755
n09840435,baron,313,175
n09840520,baron,690,256
n09841188,bartender,1338,845
n09841515,baseball coach,31,25
n09841696,base runner,1227,686
n09842047,basketball player,1227,1163
n09842288,basketweaver,393,111
n09842395,Basket Maker,579,253
n09842528,bass,805,657
n09842823,bastard,267,211
n09843443,bat boy,971,833
n09843602,bather,353,322
n09843716,batman,392,299
n09843824,baton twirler,744,473
n09844457,Bavarian,771,446
n09844898,beadsman,45,0
n09845401,beard,1262,904
n09845849,beatnik,374,338
n09846142,beauty consultant,242,57
n09846469,Bedouin,1040,705
n09846586,bedwetter,99,36
n09846755,beekeeper,1365,681
n09846894,beer drinker,1236,883
n09847267,beggarman,125,36
n09847344,beggarwoman,302,185
n09847543,beldam,1410,1400
n09848110,theist,12,0
n09848489,believer,233,124
n09849167,bell founder,219,37
n09849990,benedick,341,6
n09850760,berserker,467,228
n09850974,besieger,12,0
n09851165,best,768,541
n09851575,betrothed,476,260
n09853541,Big Brother,20,0
n09853645,bigot,2,0
n09853881,big shot,62,55
n09854218,big sister,1268,892
n09854421,billiard player,1175,548
n09854915,biochemist,178,6
n09855433,biographer,1084,76
n09856401,bird fancier,81,33
n09856671,birth,1050,799
n09856827,birth-control campaigner,141,2
n09857007,bisexual,304,150
n09858165,black belt,1231,804
n09858299,blackmailer,59,30
n09858733,Black Muslim,14,2
n09859152,blacksmith,1235,904
n09859285,blade,59,45
n09859975,blind date,390,148
n09861287,bluecoat,160,96
n09861599,bluestocking,536,265
n09861863,boatbuilder,734,537
n09861946,boatman,1431,1423
n09862183,boatswain,68,33
n09862621,bobby,816,412
n09863031,bodyguard,611,368
n09863339,boffin,333,2
n09863749,Bolshevik,15,11
n09863936,Bolshevik,86,33
n09864632,bombshell,46,37
n09864968,bondman,75,1
n09865068,bondwoman,268,51
n09865162,bondwoman,232,2
n09865398,bond servant,36,19
n09865672,book agent,96,90
n09865744,bookbinder,26,8
n09866115,bookkeeper,66,5
n09866354,bookmaker,68,34
n09866559,bookworm,144,120
n09866661,booster,9,5
n09866817,bootblack,525,343
n09866922,bootlegger,6,1
n09867069,bootmaker,21,5
n09867154,borderer,28,1
n09867311,border patrolman,8,0
n09868270,botanist,262,94
n09868782,bottom feeder,261,101
n09868899,boulevardier,83,3
n09869317,bounty hunter,150,52
n09869447,bounty hunter,5,1
n09869578,Bourbon,56,14
n09870096,bowler,286,196
n09871095,slugger,217,0
n09871229,cub,792,734
n09871681,Boy Scout,1267,866
n09871867,boy scout,1229,1017
n09871952,boy wonder,58,40
n09872066,bragger,1018,655
n09872557,brahman,398,258
n09873348,brawler,917,596
n09873473,breadwinner,970,191
n09873769,breaststroker,344,9
n09873899,breeder,1203,202
n09874428,brick,947,664
n09874725,bride,1232,1209
n09874862,bridesmaid,1311,1266
n09875025,bridge agent,12,1
n09875979,broadcast journalist,20,7
n09876701,Brother,418,393
n09877288,brother-in-law,699,581
n09877587,browser,38,9
n09877750,Brummie,766,298
n09877951,buddy,1314,1104
n09878921,bull,46,22
n09879552,bully,16,8
n09880189,bunny,14,5
n09880741,burglar,22,16
n09881265,bursar,800,44
n09881358,busboy,337,32
n09881895,business editor,748,184
n09883047,business traveler,12,2
n09883452,buster,10,2
n09883807,busybody,242,114
n09885059,buttinsky,143,1
n09885866,cabinetmaker,234,171
n09886403,caddie,864,377
n09886540,cadet,347,232
n09888635,caller,2,2
n09889065,call girl,810,456
n09889170,calligrapher,713,446
n09889691,campaigner,103,83
n09889941,camper,1424,845
n09890192,camp follower,14,3
n09890749,candidate,1066,802
n09891730,canonist,2,0
n09892262,capitalist,63,47
n09892513,captain,277,50
n09892693,captain,190,107
n09893191,captain,1231,641
n09893344,captain,611,517
n09893502,captive,583,396
n09893600,captive,21,15
n09894143,cardinal,1274,329
n09894445,cardiologist,1079,120
n09894654,card player,491,273
n09894909,cardsharp,4,4
n09895222,careerist,528,80
n09895480,career man,379,63
n09895561,caregiver,648,218
n09895701,caretaker,160,51
n09895902,caretaker,208,145
n09896170,caricaturist,1237,739
n09896311,carillonneur,73,4
n09896401,caroler,739,630
n09896685,carpenter,1244,806
n09896826,carper,23,14
n09898020,Cartesian,26,2
n09899289,cashier,266,153
n09899671,casualty,977,970
n09899782,casualty,627,575
n09899929,casuist,1219,206
n09901337,catechist,554,447
n09901502,catechumen,260,21
n09901642,caterer,66,61
n09901786,Catholicos,359,81
n09901921,cat fancier,491,341
n09902128,Cavalier,17,3
n09902353,cavalryman,283,164
n09902731,caveman,494,239
n09902851,celebrant,394,209
n09902954,celebrant,1311,1083
n09903153,celebrity,1315,1074
n09903501,cellist,1520,1263
n09903639,censor,23,0
n09903936,censor,118,111
n09904208,centenarian,756,179
n09904837,centrist,592,257
n09905050,centurion,37,35
n09905185,certified public accountant,1233,384
n09905530,chachka,138,53
n09906293,chambermaid,141,106
n09906449,chameleon,1313,1142
n09906704,champion,416,327
n09907804,chandler,47,45
n09908769,prison chaplain,39,1
n09909660,charcoal burner,12,2
n09909929,charge d'affaires,91,30
n09910222,charioteer,19,17
n09910374,charmer,27,26
n09910556,chartered accountant,283,30
n09910840,chartist,168,0
n09911226,charwoman,675,370
n09912431,male chauvinist,79,75
n09912681,cheapskate,381,195
n09912907,Chechen,280,28
n09912995,checker,32,1
n09913329,cheerer,120,16
n09913455,cheerleader,1335,1324
n09913593,cheerleader,1292,1288
n09915434,Cheops,1310,1056
n09915651,chess master,1177,506
n09916348,chief executive officer,1614,894
n09917214,chief of staff,603,373
n09917345,chief petty officer,480,203
n09917481,Chief Secretary,373,117
n09917593,child,1285,1276
n09918248,child,1327,1278
n09918554,child,1526,1503
n09918867,child prodigy,97,80
n09919061,chimneysweeper,90,86
n09919200,chiropractor,12,1
n09919451,chit,473,341
n09919899,choker,27,23
n09920106,choragus,83,0
n09920283,choreographer,1176,899
n09920901,chorus girl,37,24
n09921034,chosen,9,0
n09923003,cicerone,365,349
n09923186,cigar smoker,704,373
n09923418,cipher,636,373
n09923561,circus acrobat,1329,1225
n09923673,citizen,1305,1159
n09923996,city editor,433,153
n09924106,city father,541,4
n09924195,city man,496,19
n09924313,city slicker,26,24
n09924437,civic leader,253,214
n09924996,civil rights leader,693,355
n09927089,cleaner,401,163
n09927451,clergyman,552,228
n09928136,cleric,857,291
n09928451,clerk,124,49
n09928845,clever Dick,160,18
n09929202,climatologist,311,2
n09929298,climber,1164,589
n09929577,clinician,695,159
n09930257,closer,872,186
n09930628,closet queen,32,6
n09930876,clown,1464,1455
n09931165,clown,729,508
n09931418,coach,203,203
n09931640,coach,440,434
n09932098,pitching coach,1417,977
n09932336,coachman,669,380
n09932508,coal miner,933,419
n09932788,coastguardsman,85,12
n09933020,cobber,216,213
n09933098,cobbler,935,593
n09933842,codger,12,4
n09933972,co-beneficiary,15,1
n09934337,cog,1005,510
n09934488,cognitive neuroscientist,220,1
n09934774,coiffeur,866,668
n09935107,coiner,182,18
n09935434,collaborator,3,0
n09936825,colleen,607,441
n09936892,college student,94,94
n09937056,collegian,328,190
n09937688,colonial,4,4
n09937802,colonialist,221,11
n09937903,colonizer,175,14
n09938080,coloratura,134,0
n09938449,color guard,1489,1196
n09938991,colossus,83,40
n09940725,comedian,158,145
n09940818,comedienne,26,4
n09941089,comer,483,410
n09941571,commander,315,174
n09941787,commander in chief,1246,612
n09941964,commanding officer,1239,542
n09942697,commissar,97,63
n09942970,commissioned officer,1167,605
n09943239,commissioned military officer,1515,915
n09943811,commissioner,639,354
n09944022,commissioner,1320,692
n09944160,committee member,301,270
n09944430,committeewoman,537,11
n09945021,commodore,7,1
n09945223,communicant,122,121
n09945319,communist,188,183
n09945603,Communist,53,43
n09945745,commuter,1275,1241
n09946814,compere,973,690
n09947127,complexifier,145,5
n09950457,compulsive,161,52
n09950728,computational linguist,59,2
n09951070,computer scientist,128,104
n09951274,computer user,1290,481
n09951524,Comrade,11,8
n09951616,concert-goer,1226,842
n09952163,conciliator,63,27
n09953052,conductor,29,23
n09953350,confectioner,561,282
n09953615,Confederate,246,109
n09954355,confessor,27,2
n09954639,confidant,541,276
n09955406,Confucian,28,7
n09955944,rep,179,172
n09956578,conqueror,32,9
n09957523,Conservative,36,27
n09958133,Nonconformist,43,7
n09958292,Anglican,135,23
n09958447,consignee,69,28
n09958569,consigner,27,4
n09959142,constable,474,237
n09959658,constructivist,44,39
n09960688,contractor,233,115
n09961198,contralto,225,51
n09961331,contributor,32,28
n09961469,control freak,64,22
n09961605,convalescent,83,57
n09961739,convener,138,21
n09962966,convict,137,99
n09964202,copilot,795,657
n09964411,copycat,63,55
n09965515,coreligionist,5,2
n09965787,cornerback,19,3
n09966470,corporatist,270,6
n09966554,correspondent,28,20
n09967063,cosmetician,191,89
n09967406,cosmopolitan,12,2
n09967555,Cossack,21,21
n09967816,cost accountant,8,1
n09967967,co-star,718,349
n09968259,costumier,19,5
n09968652,cotter,153,111
n09968741,cotter,11,9
n09968845,counselor,283,190
n09970088,counterterrorist,80,2
n09970192,counterspy,21,11
n09970402,countess,11,6
n09970822,compromiser,466,6
n09971273,countrywoman,1026,719
n09971385,county agent,135,22
n09971839,courtier,349,320
n09972010,cousin,1205,921
n09972458,cover girl,1492,1467
n09972587,cow,192,148
n09974648,craftsman,1242,1007
n09975425,craftsman,662,588
n09976024,crapshooter,17,2
n09976283,crazy,704,673
n09976429,creature,1209,1190
n09976728,creditor,27,10
n09976917,creep,378,273
n09978442,criminologist,23,2
n09979321,critic,76,29
n09979913,Croesus,17,0
n09980458,cross-examiner,67,0
n09980805,crossover voter,273,126
n09980985,croupier,463,66
n09981092,crown prince,302,143
n09981278,crown princess,974,397
n09981540,cryptanalyst,583,12
n09981939,Cub Scout,1302,1042
n09982152,cuckold,239,121
n09982525,cultist,126,23
n09983314,curandera,11,2
n09983572,curate,10,2
n09983889,curator,60,31
n09984960,customer agent,10,4
n09985470,cutter,7,6
n09985809,cyberpunk,54,37
n09985978,cyborg,54,35
n09986450,cymbalist,7,1
n09986700,Cynic,31,27
n09986904,cytogeneticist,167,1
n09987045,cytologist,34,0
n09987161,czar,8,0
n09987239,czar,7,6
n09988063,dad,1643,1635
n09988311,dairyman,59,9
n09988493,Dalai Lama,1596,1307
n09988703,dallier,679,452
n09989502,dancer,1344,1339
n09990415,dancer,1247,1084
n09990690,clog dancer,558,375
n09990777,dancing-master,778,712
n09991740,dark horse,178,7
n09991867,darling,1215,872
n09992538,date,202,116
n09992837,daughter,40,35
n09993252,dawdler,713,365
n09993651,day boarder,29,1
n09994400,day laborer,10,5
n09994673,deacon,492,349
n09994808,deaconess,162,68
n09994878,deadeye,22,0
n09995829,deipnosophist,145,3
n09996039,dropout,6,1
n09996304,deadhead,14,8
n09996481,deaf person,38,18
n09997622,debtor,69,24
n09998788,deckhand,71,69
n09999135,defamer,55,26
n10000294,defense contractor,104,5
n10000459,deist,106,20
n10000787,delegate,48,45
n10001217,deliveryman,486,160
n10001481,demagogue,1291,79
n10001764,demigod,348,294
n10002257,demographer,393,7
n10002760,demonstrator,1319,985
n10003476,den mother,15,8
n10004718,department head,928,344
n10005006,depositor,45,1
n10005934,deputy,1358,1142
n10006177,dermatologist,336,7
n10006748,descender,22,0
n10007684,designated hitter,908,136
n10007809,designer,281,261
n10007995,desk clerk,138,50
n10008123,desk officer,180,5
n10008254,desk sergeant,118,1
n10009162,detainee,321,152
n10009276,detective,777,55
n10009484,detective,83,36
n10009671,detractor,38,1
n10010062,developer,295,138
n10010243,deviationist,15,0
n10010632,devisee,176,2
n10010767,devisor,29,1
n10010864,devourer,35,8
n10011360,dialectician,59,1
n10011486,diarist,49,28
n10012484,dietician,93,56
n10013811,diocesan,1031,473
n10015215,director,114,104
n10015485,director,1438,1079
n10015792,dirty old man,245,155
n10015897,disbeliever,97,79
n10017272,disk jockey,1224,1029
n10017422,dispatcher,110,31
n10018747,distortionist,9,0
n10018861,distributor,16,4
n10019072,district attorney,639,391
n10019187,district manager,430,226
n10019406,diver,1314,1300
n10020366,divorcee,179,31
n10020533,ex-wife,28,5
n10020670,divorce lawyer,461,11
n10020807,docent,12,3
n10020890,doctor,1365,599
n10022908,dodo,46,25
n10023264,doge,43,34
n10023506,dog in the manger,43,6
n10023656,dogmatist,376,6
n10024025,dolichocephalic,3,0
n10024362,domestic partner,908,359
n10024937,Dominican,185,164
n10025060,dominus,355,313
n10025295,don,47,46
n10025391,Donatist,24,1
n10025635,donna,1264,829
n10026976,dosser,666,578
n10027246,double,766,408
n10027590,double-crosser,61,42
n10028402,down-and-out,26,25
n10028541,doyenne,201,37
n10029068,draftsman,205,158
n10030277,dramatist,372,248
n10032987,dreamer,26,22
n10033412,dressmaker,775,482
n10033572,dressmaker's model,46,4
n10033663,dribbler,660,413
n10033888,dribbler,185,8
n10034201,drinker,1010,876
n10034614,drinker,1210,1004
n10035952,drug addict,192,105
n10036266,drug user,200,18
n10036444,Druid,23,14
n10036692,drum majorette,662,465
n10036929,drummer,1325,1319
n10037080,drunk,236,206
n10037385,drunkard,1342,1181
n10037588,Druze,33,25
n10037922,dry,503,45
n10038119,dry nurse,184,47
n10038409,duchess,1214,739
n10038620,duke,35,26
n10039271,duffer,512,244
n10039946,dunker,491,131
n10040240,Dutch uncle,127,10
n10040698,dyspeptic,20,0
n10040945,eager beaver,1213,598
n10041373,earl,395,209
n10041887,earner,200,113
n10042690,eavesdropper,76,59
n10042845,eccentric,1238,867
n10043024,eclectic,123,86
n10043491,econometrician,1280,6
n10043643,economist,1256,711
n10044682,ectomorph,122,17
n10044879,editor,310,186
n10047199,egocentric,87,63
n10047459,egotist,166,115
n10048117,ejaculator,1,0
n10048367,elder,131,72
n10048612,elder statesman,725,85
n10048836,elected official,17,13
n10049363,electrician,1348,1339
n10050043,elegist,114,1
n10050880,elocutionist,199,2
n10051026,emancipator,5,0
n10051761,embryologist,110,3
n10051861,emeritus,123,98
n10051975,emigrant,26,13
n10052694,emissary,17,2
n10053439,empress,465,180
n10053808,employee,1326,1323
n10054657,employer,1379,1371
n10055297,enchantress,361,268
n10055410,enchantress,1261,898
n10055566,encyclopedist,202,62
n10055730,endomorph,38,0
n10055847,enemy,31,31
n10056103,energizer,269,165
n10056611,end man,189,142
n10056719,end man,403,287
n10057271,endorser,285,55
n10058411,enjoyer,218,191
n10058962,enlisted woman,509,90
n10059067,enophile,165,17
n10060075,entrant,113,69
n10060175,entrant,148,75
n10060352,entrepreneur,1228,937
n10061043,envoy,57,9
n10061195,enzymologist,69,1
n10061431,eparch,265,17
n10061882,epidemiologist,343,3
n10062042,epigone,27,6
n10062176,epileptic,30,3
n10062275,Episcopalian,1,0
n10062492,equerry,7,1
n10062594,equerry,26,0
n10062716,erotic,351,285
n10062905,escapee,15,10
n10062996,escapist,6,1
n10063635,Eskimo,454,288
n10063919,espionage agent,260,13
n10064831,esthetician,423,21
n10064977,etcher,291,32
n10065758,ethnologist,243,2
n10066206,Etonian,133,2
n10066314,etymologist,19,0
n10067011,evangelist,139,89
n10067305,Evangelist,64,30
n10067600,event planner,288,133
n10067968,examiner,180,70
n10068234,examiner,136,71
n10068425,exarch,7,1
n10069296,executant,1006,158
n10069981,executive secretary,489,335
n10070108,executive vice president,728,501
n10070377,executrix,118,1
n10070449,exegete,36,1
n10070563,exhibitor,29,20
n10070711,exhibitionist,1446,1020
n10071332,exile,379,190
n10071557,existentialist,10,0
n10072054,exorcist,8,7
n10074249,ex-spouse,103,1
n10074578,extern,247,1
n10074735,extremist,7,0
n10074841,extrovert,346,59
n10075299,eyewitness,88,19
n10075693,facilitator,593,472
n10076224,fairy godmother,715,615
n10076483,falangist,140,4
n10076604,falconer,1055,634
n10076957,falsifier,575,7
n10077106,familiar,44,35
n10077593,fan,870,814
n10077879,fanatic,176,146
n10078131,fancier,1249,1025
n10078719,farm boy,799,716
n10078806,farmer,1208,773
n10079399,farmhand,1243,817
n10079893,fascist,5,1
n10080117,fascista,23,18
n10080508,fatalist,65,1
n10080869,father,1302,881
n10081204,Father,970,574
n10081842,father-figure,222,41
n10082043,father-in-law,1327,1314
n10082299,Fauntleroy,63,11
n10082423,Fauve,316,129
n10082562,favorite son,12,0
n10082687,featherweight,1081,163
n10082997,federalist,829,238
n10083677,fellow traveler,7,3
n10083823,female aristocrat,8,1
n10084043,female offspring,272,111
n10084295,female child,1280,1001
n10085101,fence,1,0
n10085869,fiance,1249,825
n10086383,fielder,678,458
n10086744,field judge,66,3
n10087434,fighter pilot,914,411
n10087736,filer,12,4
n10088200,film director,32,12
n10090745,finder,14,11
n10091349,fire chief,220,113
n10091450,fire-eater,1451,1082
n10091564,fire-eater,1279,1012
n10091651,fireman,1349,1348
n10091861,fire marshall,134,42
n10091997,fire walker,5,1
n10092488,first baseman,1280,605
n10092643,firstborn,1210,954
n10092794,first lady,1234,766
n10092978,first lieutenant,1290,300
n10093167,first offender,418,4
n10093475,first sergeant,1296,423
n10093818,fishmonger,1030,846
n10094320,flagellant,129,85
n10094584,flag officer,335,181
n10094782,flak catcher,374,94
n10095265,flanker back,81,54
n10095420,flapper,143,94
n10095769,flatmate,857,704
n10095869,flatterer,458,141
n10096126,flibbertigibbet,443,67
n10096508,flight surgeon,20,1
n10097262,floorwalker,13,0
n10097477,flop,325,182
n10097590,Florentine,17,14
n10097842,flower girl,351,280
n10097995,flower girl,31,6
n10098245,flutist,1540,1077
n10098388,fly-by-night,18,4
n10098517,flyweight,1258,131
n10098624,flyweight,1213,210
n10098710,foe,1207,858
n10098862,folk dancer,1210,840
n10099002,folk poet,403,166
n10099375,follower,223,196
n10101308,football hero,295,36
n10101634,football player,1,0
n10101981,footman,139,86
n10102800,forefather,1206,796
n10103155,foremother,55,4
n10103228,foreign agent,423,41
n10103921,foreigner,5,5
n10104064,boss,1151,712
n10104487,foreman,128,62
n10104756,forester,83,1
n10104888,forewoman,239,164
n10105085,forger,209,4
n10105733,forward,1422,327
n10105906,foster-brother,16,12
n10106387,foster-father,196,38
n10106509,foster-mother,336,117
n10106995,foster-sister,324,116
n10107173,foster-son,321,92
n10107303,founder,587,277
n10108018,foundress,494,164
n10108089,four-minute man,35,0
n10108464,framer,15,14
n10108832,Francophobe,98,5
n10109443,freak,111,56
n10109662,free agent,20,16
n10109826,free agent,14,1
n10110093,freedom rider,1,1
n10110731,free-liver,224,155
n10110893,freeloader,209,118
n10111358,free trader,403,10
n10111779,Freudian,214,95
n10111903,friar,188,116
n10112129,monk,1487,1353
n10113249,frontierswoman,21,1
n10113583,front man,56,35
n10113869,frotteur,30,0
n10114476,fucker,10,6
n10114550,fucker,55,3
n10114662,fuddy-duddy,32,15
n10115430,fullback,563,323
n10115946,funambulist,318,174
n10116370,fundamentalist,26,4
n10116478,fundraiser,11,7
n10116702,futurist,882,443
n10117017,gadgeteer,21,1
n10117267,gagman,367,9
n10117415,gagman,366,288
n10117739,gainer,669,399
n10117851,gal,1664,1644
n10118301,galoot,32,23
n10118743,gambist,15,0
n10118844,gambler,218,136
n10119609,gamine,332,65
n10120330,garbage man,1216,1023
n10120671,gardener,806,440
n10121026,garment cutter,6,0
n10121246,garroter,2,1
n10121714,gasman,27,6
n10121800,gastroenterologist,118,0
n10122300,gatherer,1,0
n10122531,gawker,16,13
n10123122,gendarme,620,330
n10123844,general,1240,608
n10126177,generator,399,300
n10126424,geneticist,279,4
n10126708,genitor,31,0
n10127186,gent,120,60
n10127689,geologist,616,257
n10128519,geophysicist,185,41
n10128748,ghostwriter,10,0
n10129338,Gibson girl,100,50
n10129825,girl,1282,785
n10130686,girlfriend,5,2
n10130877,girlfriend,7,6
n10131151,girl wonder,799,551
n10131268,Girondist,37,0
n10131590,gitano,57,35
n10131815,gladiator,537,364
n10132035,glassblower,1217,784
n10132502,gleaner,6,3
n10134178,goat herder,1028,588
n10134396,godchild,226,223
n10134760,godfather,379,338
n10134982,godparent,517,452
n10135129,godson,1303,1287
n10135197,gofer,13,0
n10135297,goffer,7,1
n10136615,goldsmith,18,1
n10136959,golfer,40,15
n10137825,gondolier,1356,1067
n10138369,good guy,90,54
n10138472,good old boy,204,116
n10139077,good Samaritan,2,1
n10139651,gossip columnist,47,11
n10140051,gouger,392,211
n10140597,governor general,708,338
n10140683,grabber,10,2
n10140783,grader,3,1
n10140929,graduate nurse,619,299
n10141364,grammarian,702,60
n10141732,granddaughter,1397,1371
n10142166,grande dame,104,56
n10142391,grandfather,1662,1652
n10142537,Grand Inquisitor,54,1
n10142747,grandma,1354,1338
n10142946,grandmaster,92,10
n10143172,grandparent,1429,1009
n10143595,grantee,52,3
n10143725,granter,93,8
n10144338,grass widower,577,115
n10145239,great-aunt,1414,1186
n10145340,great grandchild,1306,1032
n10145480,great granddaughter,1122,993
n10145590,great grandmother,1557,1183
n10145774,great grandparent,1380,1198
n10145902,great grandson,1175,1007
n10146002,great-nephew,1466,1170
n10146104,great-niece,1508,1135
n10146416,Green Beret,660,298
n10146816,grenadier,481,280
n10146927,greeter,255,145
n10147121,gringo,810,568
n10147262,grinner,499,308
n10147710,grocer,320,187
n10147935,groom,1523,1515
n10148035,groom,1431,1413
n10148305,grouch,54,31
n10148825,group captain,17,11
n10149436,grunter,268,17
n10149867,prison guard,113,55
n10150071,guard,1423,1423
n10150794,guesser,105,35
n10150940,guest,716,637
n10151133,guest,376,354
n10151261,guest of honor,158,90
n10151367,guest worker,5,1
n10151570,guide,411,329
n10151760,guitarist,1543,1518
n10152306,gunnery sergeant,259,42
n10152616,guru,332,188
n10152763,guru,507,229
n10153155,guvnor,8,0
n10153414,guy,1208,1131
n10153594,gymnast,1414,1045
n10153865,gym rat,315,34
n10154013,gynecologist,303,18
n10154186,Gypsy,177,124
n10154601,hack,379,295
n10155222,hacker,24,16
n10155600,haggler,6,3
n10155849,hairdresser,1322,1170
n10156629,hakim,41,12
n10156831,Hakka,414,238
n10157016,halberdier,20,20
n10157128,halfback,1235,140
n10157271,half blood,36,16
n10158506,hand,5,3
n10159045,animal trainer,1336,1111
n10159289,handyman,359,157
n10159533,hang glider,1447,1082
n10160188,hardliner,36,0
n10160280,harlequin,543,349
n10160412,harmonizer,127,2
n10161622,hash head,65,21
n10162016,hatchet man,3,0
n10162194,hater,24,21
n10162354,hatmaker,308,173
n10164025,headman,8,3
n10164233,headmaster,555,549
n10164492,head nurse,933,72
n10165448,hearer,663,380
n10166189,heartbreaker,180,132
n10166394,heathen,151,61
n10167152,heavyweight,1276,590
n10167361,heavy,16,5
n10167565,heckler,98,80
n10167838,hedger,532,201
n10168012,hedger,373,48
n10168183,hedonist,85,36
n10168584,heir,194,89
n10168837,heir apparent,532,21
n10169147,heiress,1411,272
n10169241,heir presumptive,298,4
n10169419,hellion,193,107
n10169796,helmsman,44,39
n10170060,hire,158,148
n10170681,hematologist,149,1
n10170866,hemiplegic,53,3
n10171219,herald,60,21
n10171456,herbalist,95,28
n10171567,herder,376,273
n10172080,hermaphrodite,30,16
n10173410,heroine,1328,751
n10173579,heroin addict,204,71
n10173665,hero worshiper,10,0
n10173771,Herr,871,559
n10174253,highbinder,46,1
n10174330,highbrow,505,258
n10174445,high commissioner,1200,422
n10174589,highflier,34,1
n10174695,Highlander,235,208
n10174971,high-muck-a-muck,58,6
n10175248,high priest,1265,630
n10175725,highjacker,53,1
n10176913,hireling,166,70
n10177150,historian,182,94
n10178077,hitchhiker,3,1
n10178216,hitter,1249,781
n10179069,hobbyist,71,38
n10180580,holdout,43,5
n10180791,holdover,85,64
n10180923,holdup man,26,3
n10181445,homeboy,5,4
n10181547,homeboy,229,182
n10181799,home buyer,8,6
n10181878,homegirl,303,101
n10182190,homeless,1330,1088
n10182402,homeopath,28,0
n10183347,honest woman,3,0
n10183931,honor guard,1262,679
n10184505,hooker,31,27
n10185148,hoper,428,140
n10185483,hornist,528,20
n10185793,horseman,1430,1416
n10186068,horse trader,484,99
n10186143,horsewoman,7,5
n10186216,horse wrangler,1225,744
n10186350,horticulturist,13,6
n10186686,hospital chaplain,21,0
n10186774,host,167,149
n10187130,host,225,182
n10187491,hostess,477,419
n10187990,hotelier,1206,646
n10188715,housekeeper,334,131
n10188856,housemaster,201,14
n10188957,housemate,558,412
n10189278,house physician,973,124
n10189597,house sitter,6,1
n10190122,housing commissioner,439,238
n10190516,huckster,36,14
n10191001,hugger,716,597
n10191388,humanist,5,0
n10191613,humanitarian,152,136
n10192839,hunk,1311,1084
n10193650,huntress,171,126
n10194231,ex-husband,454,259
n10194775,hydrologist,175,4
n10195056,hyperope,38,2
n10195155,hypertensive,4,0
n10195261,hypnotist,367,259
n10195593,hypocrite,1330,611
n10196404,iceman,140,119
n10196725,iconoclast,240,63
n10197392,ideologist,422,49
n10198437,idol,493,416
n10198832,idolizer,7,0
n10199251,imam,123,50
n10200246,imperialist,37,20
n10200781,important person,1290,1270
n10202225,inamorato,21,6
n10202624,incumbent,1358,669
n10202763,incurable,171,14
n10203949,inductee,672,258
n10204177,industrialist,77,37
n10204833,infanticide,21,0
n10205231,inferior,766,444
n10205344,infernal,66,43
n10205457,infielder,1308,1101
n10205714,infiltrator,97,94
n10206173,informer,134,114
n10206506,ingenue,57,17
n10206629,ingenue,143,31
n10207077,polymath,69,4
n10207169,in-law,1029,747
n10208189,inquiry agent,462,18
n10208847,inspector,314,34
n10208950,inspector general,805,100
n10209082,instigator,903,794
n10209731,insurance broker,1345,213
n10210137,insurgent,126,121
n10210512,intelligence analyst,53,0
n10210648,interior designer,212,125
n10210911,interlocutor,1210,50
n10211036,interlocutor,280,162
n10211666,International Grandmaster,37,0
n10211830,internationalist,22,9
n10212231,internist,451,13
n10212501,interpreter,511,363
n10212780,interpreter,392,356
n10213034,intervenor,118,2
n10213429,introvert,6,0
n10214062,invader,5,2
n10214390,invalidator,51,33
n10215623,investigator,503,183
n10216106,investor,527,363
n10216403,invigilator,128,3
n10217208,irreligionist,28,9
n10218043,Ivy Leaguer,409,7
n10218164,Jack of all trades,105,53
n10218292,Jacksonian,45,24
n10219240,Jane Doe,13,0
n10219453,janissary,64,40
n10219879,Jat,254,188
n10220080,Javanese,324,264
n10220924,Jekyll and Hyde,11,10
n10221312,jester,643,622
n10221520,Jesuit,37,16
n10222170,jezebel,472,183
n10222259,jilt,206,37
n10222497,jobber,41,33
n10222716,job candidate,283,9
n10223069,Job's comforter,12,0
n10223177,jockey,1214,754
n10223606,John Doe,77,69
n10224578,journalist,292,151
n10225219,judge,818,417
n10225931,judge advocate,484,23
n10226413,juggler,1279,1170
n10227166,Jungian,6,0
n10227266,junior,352,331
n10227393,junior,139,60
n10227490,Junior,131,107
n10227698,junior lightweight,141,3
n10227793,junior middleweight,13,0
n10227985,jurist,459,147
n10228278,juror,296,129
n10228468,justice of the peace,209,90
n10228592,justiciar,260,67
n10228712,kachina,368,185
n10229883,keyboardist,1265,1009
n10230216,Khedive,146,29
n10233248,kingmaker,564,28
n10235024,king,526,262
n10235269,King's Counsel,131,0
n10235385,Counsel to the Crown,543,2
n10236304,kin,1326,1317
n10236521,enate,184,7
n10236842,kink,226,214
n10237069,kinswoman,599,325
n10237196,kisser,1279,662
n10237464,kitchen help,483,371
n10237556,kitchen police,36,9
n10237676,Klansman,545,31
n10237799,kleptomaniac,116,2
n10238272,kneeler,205,30
n10238375,knight,2,1
n10239928,knocker,12,0
n10240082,knower,276,9
n10240235,know-it-all,51,41
n10240417,kolkhoznik,62,2
n10240821,Kshatriya,9,2
n10241024,labor coach,6,4
n10241300,laborer,658,417
n10242328,Labourite,964,28
n10243137,lady,1369,1115
n10243273,lady-in-waiting,497,377
n10243483,lady's maid,37,30
n10243664,lama,1238,830
n10243872,lamb,262,97
n10244108,lame duck,31,0
n10244359,lamplighter,157,150
n10244913,land agent,31,19
n10245029,landgrave,8,6
n10245341,landlubber,5,3
n10245507,landlubber,33,27
n10245639,landowner,73,34
n10245863,landscape architect,78,43
n10246317,langlaufer,435,9
n10246395,languisher,9,0
n10246703,lapidary,12,2
n10247358,lass,1404,1049
n10247880,Latin,1381,1379
n10248008,Latin,436,429
n10248198,latitudinarian,20,0
n10248377,Jehovah's Witness,363,303
n10249191,law agent,50,5
n10249270,lawgiver,817,288
n10249459,lawman,1346,1336
n10249869,law student,434,336
n10249950,lawyer,226,108
n10250712,lay reader,140,31
n10251329,lazybones,53,29
n10251612,leaker,402,11
n10252075,leaseholder,5,2
n10252222,lector,532,324
n10252354,lector,420,276
n10252547,lecturer,1,0
n10253122,left-hander,727,159
n10253296,legal representative,682,20
n10253479,legate,452,161
n10253611,legatee,19,0
n10253703,legionnaire,460,320
n10255459,letterman,7,0
n10257221,liberator,97,84
n10258602,licenser,8,0
n10258786,licentiate,1028,337
n10259348,lieutenant,1276,352
n10259780,lieutenant colonel,1273,223
n10259997,lieutenant commander,948,132
n10260473,lieutenant junior grade,313,19
n10260706,life,1508,1049
n10260800,lifeguard,1253,801
n10261211,life tenant,99,25
n10261511,light flyweight,61,3
n10261624,light heavyweight,1305,468
n10261862,light heavyweight,407,153
n10262343,light-o'-love,84,11
n10262445,lightweight,1060,269
n10262561,lightweight,590,23
n10262655,lightweight,640,123
n10262880,lilliputian,5,1
n10263146,limnologist,2,0
n10263411,lineman,1316,1298
n10263790,line officer,932,729
n10265281,lion-hunter,13,0
n10265801,lisper,153,83
n10265891,lister,25,19
n10266016,literary critic,38,18
n10266328,literate,9,3
n10266848,litigant,184,50
n10267166,litterer,11,0
n10267311,little brother,1434,1253
n10267865,little sister,1225,920
n10268629,lobbyist,16,2
n10269199,locksmith,126,46
n10269289,locum tenens,10,0
n10271677,Lord,112,65
n10272782,loser,5,3
n10272913,loser,51,24
n10273064,failure,183,97
n10274173,Lothario,173,92
n10274318,loudmouth,103,88
n10274815,lowerclassman,1528,1485
n10275249,Lowlander,150,45
n10275395,loyalist,887,416
n10275848,Luddite,5,3
n10276045,lumberman,310,227
n10276477,lumper,1073,669
n10276942,bedlamite,33,31
n10277027,pyromaniac,766,564
n10277638,lutist,358,25
n10277815,Lutheran,35,25
n10277912,lyricist,30,24
n10278456,macebearer,136,26
n10279018,machinist,906,567
n10279778,madame,25,24
n10280034,maenad,225,91
n10280130,maestro,11,10
n10280598,magdalen,159,88
n10280674,magician,760,430
n10281546,magus,2,2
n10281770,maharani,214,139
n10281896,mahatma,327,149
n10282482,maid,1322,846
n10282672,maid,1244,987
n10283170,major,1264,626
n10283366,major,262,119
n10283546,major-domo,173,95
n10284064,maker,151,85
n10284871,malahini,5,0
n10284965,malcontent,78,39
n10286282,malik,19,0
n10286539,malingerer,8,0
n10286749,Malthusian,97,1
n10288964,adonis,1033,465
n10289039,man,1293,1263
n10289176,man,172,129
n10289462,manageress,1313,903
n10289766,mandarin,6,3
n10290422,maneuverer,163,1
n10290541,maniac,229,176
n10290813,Manichaean,244,9
n10290919,manicurist,591,313
n10291110,manipulator,11,11
n10291469,man-at-arms,2,1
n10291822,man of action,494,255
n10291942,man of letters,58,44
n10292316,manufacturer,14,7
n10293332,marcher,1202,995
n10293590,marchioness,185,107
n10293861,margrave,97,77
n10294020,margrave,37,7
n10294139,Marine,33,24
n10295371,marquess,83,75
n10295479,marquis,50,27
n10296176,marshal,865,81
n10296444,martinet,709,23
n10297234,mascot,741,541
n10297367,masochist,145,71
n10297531,mason,634,295
n10297841,masquerader,532,434
n10298202,masseur,276,63
n10298271,masseuse,278,121
n10298647,master,712,543
n10298912,master,543,288
n10299125,master-at-arms,17,2
n10299250,master of ceremonies,1229,861
n10299700,masturbator,17,2
n10299875,matchmaker,69,53
n10300041,mate,363,309
n10300154,mate,1114,942
n10300303,mate,1263,1012
n10300500,mater,781,674
n10300654,material,228,219
n10300829,materialist,135,22
n10302576,matriarch,90,77
n10302700,matriarch,102,68
n10302905,matriculate,19,3
n10303037,matron,210,165
n10303814,mayor,1305,1037
n10304086,mayoress,659,228
n10304650,mechanical engineer,317,152
n10304914,medalist,1548,1127
n10305635,medical officer,172,81
n10305802,medical practitioner,1143,391
n10306004,medical scientist,4,0
n10306279,medium,85,39
n10306496,megalomaniac,252,20
n10306595,melancholic,232,152
n10306890,Melkite,196,12
n10307114,melter,10,1
n10308066,nonmember,355,77
n10308168,board member,1200,982
n10308275,clansman,182,128
n10308504,memorizer,443,20
n10308653,Mendelian,36,2
n10308732,mender,1522,1323
n10310783,Mesoamerican,54,26
n10311506,messmate,11,0
n10311661,mestiza,178,81
n10312287,meteorologist,352,92
n10312491,meter maid,9,4
n10312600,Methodist,7,7
n10313000,Metis,511,247
n10313239,metropolitan,1348,737
n10313441,mezzo-soprano,212,166
n10313724,microeconomist,1247,2
n10314054,middle-aged man,523,433
n10314182,middlebrow,144,90
n10314517,middleweight,1252,544
n10314836,midwife,629,379
n10315217,mikado,81,52
n10315456,Milanese,628,335
n10315561,miler,1323,986
n10315730,miles gloriosus,50,0
n10316360,military attache,1200,43
n10316527,military chaplain,272,45
n10316862,military leader,329,127
n10317007,military officer,1098,573
n10317500,military policeman,1237,609
n10317963,mill agent,329,10
n10318293,mill-hand,867,537
n10318607,millionairess,647,156
n10318686,millwright,59,3
n10319313,minder,212,107
n10320484,mining engineer,39,28
n10320863,minister,1280,1256
n10321126,ministrant,223,1
n10321340,minor leaguer,1148,91
n10321632,Minuteman,31,27
n10321882,misanthrope,125,41
n10322238,misfit,22,18
n10323634,mistress,1237,884
n10323752,mistress,261,185
n10323999,mixed-blood,46,19
n10324560,model,1400,1385
n10325549,class act,49,46
n10325774,modeler,597,492
n10326776,modifier,54,38
n10327143,molecular biologist,64,2
n10327987,Monegasque,930,198
n10328123,monetarist,519,2
n10328328,moneygrubber,464,17
n10328437,moneymaker,50,16
n10328696,Mongoloid,339,181
n10328941,monolingual,213,4
n10329035,monologist,266,11
n10330593,moonlighter,7,1
n10330931,moralist,289,5
n10331098,morosoph,60,1
n10331167,morris dancer,1525,1309
n10331258,mortal enemy,3,0
n10331347,mortgagee,12,0
n10331841,mortician,10,6
n10332110,moss-trooper,96,1
n10332385,mother,1237,866
n10332861,mother,862,705
n10332953,mother,260,258
n10333044,mother figure,244,104
n10333165,mother hen,78,59
n10333317,mother-in-law,412,346
n10333439,mother's boy,944,697
n10333601,mother's daughter,1021,527
n10333838,motorcycle cop,1318,1213
n10334009,motorcyclist,1219,806
n10334461,Mound Builder,46,3
n10334782,mountebank,2,0
n10335246,mourner,107,95
n10335801,mouthpiece,7,1
n10335931,mover,57,19
n10336411,moviegoer,44,4
n10336904,muffin man,6,5
n10337488,mugwump,330,128
n10338231,Mullah,271,71
n10338391,muncher,12,7
n10339179,murderess,32,30
n10339251,murder suspect,7,0
n10339717,musher,1341,1070
n10340312,musician,1331,1302
n10341243,musicologist,216,15
n10341343,music teacher,482,283
n10341446,musketeer,120,57
n10341573,Muslimah,1238,927
n10341955,mutilator,11,3
n10342180,mutineer,37,34
n10342367,mute,49,24
n10342543,mutterer,264,13
n10342893,muzzler,13,0
n10342992,Mycenaen,517,31
n10343088,mycologist,221,39
n10343355,myope,540,270
n10343449,myrmidon,19,10
n10343554,mystic,150,72
n10343869,mythologist,46,0
n10344121,naif,16,12
n10344203,nailer,145,67
n10344319,namby-pamby,373,176
n10344656,name dropper,36,2
n10344774,namer,167,13
n10345015,nan,1216,820
n10345100,nanny,4,3
n10345302,narc,60,6
n10345422,narcissist,174,108
n10345659,nark,201,117
n10346015,nationalist,576,311
n10347204,nautch girl,26,10
n10347446,naval commander,929,132
n10348526,Navy SEAL,1082,670
n10349243,obstructionist,64,48
n10349750,Nazarene,71,51
n10349836,Nazarene,12,11
n10350220,Nazi,1,0
n10350774,nebbish,51,2
n10351064,necker,8,4
n10353016,neonate,1463,1444
n10353355,nephew,188,181
n10353928,neurobiologist,132,0
n10354265,neurologist,18,5
n10354754,neurosurgeon,249,12
n10355142,neutral,508,271
n10355306,neutralist,201,4
n10355449,newcomer,1288,1286
n10355688,newcomer,476,373
n10355806,New Dealer,357,98
n10356450,newspaper editor,31,11
n10356877,newsreader,602,165
n10357012,Newtonian,20,5
n10357613,niece,1570,1564
n10357737,niggard,46,42
n10358032,night porter,10,4
n10358124,night rider,5,2
n10358575,NIMBY,159,155
n10359117,niqaabi,20,3
n10359422,nitpicker,5,0
n10359546,Nobelist,668,332
n10359659,NOC,88,32
n10360366,noncandidate,292,9
n10360747,noncommissioned officer,1214,599
n10361060,nondescript,138,48
n10361194,nondriver,396,19
n10361296,nonparticipant,3,0
n10361525,nonperson,28,2
n10362003,nonresident,10,3
n10362319,nonsmoker,913,53
n10362557,Northern Baptist,534,40
n10363445,noticer,382,31
n10363573,novelist,106,89
n10364198,novitiate,914,679
n10364502,nuclear chemist,5,0
n10365514,nudger,87,10
n10366145,nullipara,10,0
n10366276,number theorist,454,5
n10366966,nurse,1357,865
n10368291,nursling,452,39
n10368528,nymph,1284,1045
n10368624,nymphet,707,237
n10368711,nympholept,78,5
n10368798,nymphomaniac,49,2
n10369095,oarswoman,73,25
n10369317,oboist,1238,523
n10369417,obscurantist,394,28
n10369528,observer,252,178
n10369699,obstetrician,298,29
n10369955,occupier,23,20
n10370381,occultist,29,4
n10370955,wine lover,502,213
n10371052,offerer,79,1
n10371221,office-bearer,52,45
n10371330,office boy,58,55
n10371450,officeholder,16,3
n10373390,officiant,1034,667
n10373525,Federal,272,136
n10374541,oilman,33,1
n10374849,oil tycoon,394,7
n10374943,old-age pensioner,384,31
n10375052,old boy,586,463
n10375314,old lady,802,693
n10375402,old man,1299,1230
n10376523,oldster,1508,1482
n10376890,old-timer,213,140
n10377021,old woman,1399,1080
n10377185,oligarch,642,32
n10377291,Olympian,453,229
n10377542,omnivore,77,53
n10377633,oncologist,15,1
n10378026,onlooker,993,987
n10378113,onomancer,37,0
n10378780,operator,407,229
n10379376,opportunist,26,3
n10380126,optimist,10,3
n10380499,Orangeman,69,34
n10380672,orator,1245,725
n10381804,orderly,6,1
n10381981,orderly,283,42
n10382157,orderly sergeant,48,0
n10382302,ordinand,12,9
n10382480,ordinary,32,2
n10382710,organ-grinder,1019,772
n10382825,organist,1413,675
n10383094,organization man,283,140
n10383237,organizer,69,54
n10383505,organizer,229,115
n10383816,originator,66,45
n10384214,ornithologist,189,100
n10384392,orphan,1242,948
n10384496,orphan,850,555
n10385566,osteopath,840,24
n10386196,out-and-outer,31,29
n10386754,outdoorswoman,67,0
n10386874,outfielder,360,316
n10386984,outfielder,801,509
n10387196,right fielder,1439,453
n10387324,right-handed pitcher,1204,60
n10387836,outlier,15,13
n10389865,owner-occupier,29,3
n10389976,oyabun,78,0
n10390600,packrat,8,5
n10390698,padrone,79,17
n10390807,padrone,194,70
n10391416,page,5,3
n10393909,painter,895,605
n10394434,Paleo-American,36,1
n10394786,paleontologist,304,80
n10395073,pallbearer,458,233
n10395209,palmist,68,12
n10395390,pamperer,82,52
n10395828,Panchen Lama,748,229
n10396106,panelist,1427,1230
n10396337,panhandler,408,226
n10396727,paparazzo,22,18
n10396908,paperboy,5,1
n10397001,paperhanger,5,1
n10397142,paperhanger,3,0
n10397392,papoose,26,10
n10399130,pardoner,42,0
n10400003,paretic,18,0
n10400108,parishioner,674,300
n10400205,park commissioner,153,112
n10400437,Parliamentarian,550,242
n10400618,parliamentary agent,577,5
n10400998,parodist,5,0
n10401204,parricide,19,0
n10401331,parrot,1599,1571
n10401639,partaker,663,209
n10402709,part-timer,430,63
n10402824,party,66,63
n10403633,party man,15,10
n10403876,passenger,632,574
n10404426,passer,21,2
n10404998,paster,11,3
n10405540,pater,425,421
n10405694,patient,1373,814
n10406266,patriarch,1207,642
n10406391,patriarch,1244,650
n10406765,patriarch,1363,622
n10407310,patriot,591,478
n10407954,patron,542,449
n10408809,patternmaker,71,4
n10409459,pawnbroker,56,0
n10409752,payer,25,10
n10410246,peacekeeper,771,564
n10410996,peasant,419,414
n10411356,pedant,9,1
n10411551,peddler,1474,1430
n10411867,pederast,118,97
n10414239,penologist,210,7
n10414768,pentathlete,75,1
n10414865,Pentecostal,236,165
n10415037,percussionist,1395,973
n10416567,periodontist,49,1
n10417288,peshmerga,150,20
n10417424,personality,334,192
n10417551,personal representative,283,32
n10417682,personage,167,92
n10417843,persona grata,114,4
n10417969,persona non grata,54,23
n10418101,personification,344,93
n10418735,perspirer,496,384
n10419047,pervert,216,178
n10419472,pessimist,541,153
n10419630,pest,101,86
n10419785,Peter Pan,1011,936
n10420031,petitioner,46,36
n10420277,petit juror,61,0
n10420507,pet sitter,529,92
n10420649,petter,146,56
n10421016,Pharaoh,1239,946
n10421470,pharmacist,1252,161
n10421956,philanthropist,619,307
n10422405,philatelist,1257,208
n10425946,philosopher,3,1
n10426454,phonetician,172,0
n10426630,phonologist,39,4
n10427223,photojournalist,226,139
n10427359,photometrist,18,7
n10427764,physical therapist,1138,222
n10428004,physicist,277,191
n10431122,piano maker,19,3
n10431625,picker,819,457
n10432189,picnicker,496,324
n10432441,pilgrim,1204,1181
n10432875,pill,37,28
n10432957,pillar,415,240
n10433077,pill head,16,8
n10433452,pilot,128,64
n10433610,Piltdown man,95,2
n10433737,pimp,15,5
n10435169,pipe smoker,659,440
n10435251,pip-squeak,106,101
n10435716,pisser,98,83
n10435988,pitcher,1355,815
n10436334,pitchman,88,1
n10437014,placeman,80,0
n10437137,placer miner,13,9
n10437262,plagiarist,17,7
n10437698,plainsman,127,66
n10438172,planner,188,95
n10438619,planter,44,5
n10438842,plasterer,472,59
n10439373,platinum blond,1444,1004
n10439523,platitudinarian,18,1
n10439727,playboy,15,14
n10439851,player,1414,1373
n10441037,playmate,440,428
n10441124,pleaser,359,272
n10441694,pledger,347,47
n10441962,plenipotentiary,1192,197
n10442093,plier,286,248
n10442232,plodder,7,0
n10442417,plodder,7,0
n10442573,plotter,12,7
n10443032,plumber,402,133
n10443659,pluralist,60,0
n10443830,pluralist,430,60
n10444194,poet,51,38
n10448322,pointsman,69,0
n10448455,point woman,193,92
n10449664,policyholder,887,127
n10450038,political prisoner,28,26
n10450161,political scientist,998,60
n10450303,politician,705,370
n10451450,politician,895,380
n10451590,pollster,192,16
n10451858,polluter,88,23
n10453184,pool player,917,702
n10455619,portraitist,196,145
n10456070,poseuse,260,17
n10456138,positivist,239,6
n10456696,postdoc,318,13
n10457214,poster girl,30,15
n10457444,postulator,273,3
n10457903,private citizen,174,75
n10458111,problem solver,396,76
n10458356,pro-lifer,110,4
n10458596,prosthetist,211,11
n10459882,postulant,97,23
n10460033,potboy,402,339
n10461060,poultryman,612,445
n10462588,power user,10,1
n10462751,power worker,82,81
n10462860,practitioner,99,44
n10464052,prayer,525,310
n10464542,preceptor,384,149
n10464711,predecessor,186,18
n10464870,preemptor,131,1
n10465002,preemptor,42,0
n10465451,premature baby,1273,1239
n10465831,presbyter,1204,1134
n10466198,presenter,98,87
n10466564,presentist,26,1
n10466918,preserver,361,341
n10467179,president,1060,939
n10467395,President of the United States,1205,704
n10468750,president,55,45
n10469611,press agent,78,43
n10469874,press photographer,1049,718
n10470779,priest,1441,1437
n10471640,prima ballerina,261,28
n10471732,prima donna,125,95
n10471859,prima donna,27,12
n10472129,primigravida,1161,847
n10472447,primordial dwarf,98,4
n10473453,prince charming,294,267
n10473562,prince consort,199,18
n10473789,princeling,7,0
n10473917,Prince of Wales,692,414
n10474064,princess,228,222
n10474343,princess royal,106,52
n10474446,principal,89,69
n10474645,principal,756,380
n10475835,print seller,15,2
n10475940,prior,162,66
n10476467,private,1190,453
n10477713,probationer,913,544
n10477955,processor,7,4
n10478118,process-server,46,1
n10478293,proconsul,2,0
n10478462,proconsul,111,6
n10478827,proctologist,296,12
n10478960,proctor,32,27
n10479135,procurator,138,78
n10479328,procurer,5,2
n10481167,profit taker,66,0
n10481268,programmer,504,258
n10482054,promiser,34,16
n10482220,promoter,651,371
n10482587,promulgator,402,1
n10482921,propagandist,210,9
n10483138,propagator,548,3
n10483395,property man,95,43
n10483799,prophetess,482,59
n10483890,prophet,25,24
n10484858,prosecutor,61,49
n10485298,prospector,138,57
n10485883,protectionist,1069,48
n10486166,protegee,1064,441
n10486236,protozoologist,12,0
n10486561,provost marshal,161,17
n10487182,pruner,585,81
n10487363,psalmist,127,19
n10487592,psephologist,69,1
n10488016,psychiatrist,177,8
n10488309,psychic,18,5
n10488656,psycholinguist,1139,10
n10489426,psychophysicist,227,0
n10490421,publican,19,14
n10491998,pudge,118,103
n10492086,puerpera,12,2
n10492727,punching bag,260,182
n10493199,punter,188,33
n10493419,punter,343,280
n10493685,puppeteer,1236,800
n10493835,puppy,21,17
n10493922,purchasing agent,168,10
n10494195,puritan,168,139
n10494373,Puritan,10,6
n10495167,pursuer,38,21
n10495421,pusher,166,118
n10495555,pusher,333,164
n10495756,pusher,543,485
n10496393,putz,14,13
n10496489,Pygmy,31,23
n10497135,qadi,14,0
n10497534,quadriplegic,70,38
n10497645,quadruplet,397,145
n10498046,quaker,8,2
n10498699,quarter,22,17
n10498816,quarterback,1228,869
n10498986,quartermaster,531,143
n10499110,quartermaster general,16,4
n10499232,Quebecois,593,537
n10499355,queen,557,228
n10499631,Queen of England,441,180
n10499857,queen,53,30
n10500217,queen,802,436
n10500419,queen consort,513,202
n10500603,queen mother,506,91
n10500824,Queen's Counsel,8,0
n10500942,question master,12,0
n10501453,quick study,5,1
n10501635,quietist,55,1
n10502046,quitter,11,6
n10502329,rabbi,792,395
n10502950,racist,115,51
n10503818,radiobiologist,18,0
n10504090,radiologic technologist,248,8
n10504206,radiologist,961,27
n10505347,rainmaker,6,6
n10505613,raiser,1265,776
n10505732,raja,2,0
n10505942,rake,277,163
n10506336,ramrod,9,4
n10506544,ranch hand,234,162
n10506915,ranker,692,387
n10507070,ranter,1,0
n10507380,rape suspect,351,3
n10507482,rapper,252,157
n10507565,rapporteur,285,23
n10507692,rare bird,2,2
n10508141,ratepayer,983,402
n10508379,raw recruit,38,0
n10508710,reader,1184,936
n10509063,reading teacher,856,278
n10509161,realist,78,27
n10509810,real estate broker,82,61
n10510245,rear admiral,868,194
n10510974,receiver,84,0
n10511771,reciter,18,0
n10512201,recruit,29,28
n10512372,recruit,1210,645
n10512708,recruiter,75,33
n10512859,recruiting-sergeant,172,5
n10513509,redcap,206,198
n10513823,redhead,1367,732
n10513938,redneck,373,243
n10514051,reeler,15,2
n10514121,reenactor,250,242
n10514255,referral,21,8
n10514429,referee,1217,853
n10514784,refiner,8,0
n10515863,Reform Jew,253,4
n10516527,registered nurse,48,43
n10517137,registrar,222,79
n10517283,Regius professor,377,6
n10518349,reliever,26,24
n10519126,anchorite,82,33
n10519494,religious leader,299,152
n10519984,remover,27,12
n10520286,Renaissance man,121,68
n10520544,renegade,334,161
n10520964,rentier,8,0
n10521100,repairman,573,546
n10521662,reporter,923,557
n10521853,newswoman,52,12
n10522035,representative,594,592
n10522324,reprobate,9,7
n10522759,rescuer,777,220
n10523341,reservist,1363,567
n10524076,resident commissioner,1136,23
n10524223,respecter,135,20
n10524869,restaurateur,11,3
n10525134,restrainer,41,12
n10525436,retailer,502,261
n10525617,retiree,1535,1441
n10525878,returning officer,6,4
n10526534,revenant,115,76
n10527147,revisionist,394,7
n10527334,revolutionist,9,6
n10528023,rheumatologist,772,14
n10528148,Rhodesian man,135,1
n10528493,rhymer,66,62
n10529231,rich person,1193,796
n10530150,rider,522,344
n10530383,riding master,452,86
n10530571,rifleman,437,200
n10530959,right-hander,1369,106
n10531109,right-hand man,373,203
n10531445,ringer,1,1
n10531838,ringleader,5,2
n10533874,roadman,180,35
n10533983,roarer,160,47
n10536134,rocket engineer,12,9
n10536274,rocket scientist,42,12
n10536416,rock star,1209,953
n10537708,Romanov,328,219
n10537906,romanticist,6,1
n10538629,ropemaker,26,11
n10538733,roper,348,246
n10538853,roper,125,101
n10539015,ropewalker,173,39
n10539160,rosebud,115,57
n10539278,Rosicrucian,23,14
n10540114,Mountie,1221,866
n10540252,Rough Rider,39,32
n10540656,roundhead,23,11
n10541833,civil authority,227,54
n10542608,runner,772,463
n10542761,runner,1314,920
n10542888,runner,1269,1195
n10543161,running back,172,37
n10543937,rusher,303,15
n10544232,rustic,69,60
n10544748,saboteur,365,201
n10545792,sadist,39,24
n10546428,sailing master,100,49
n10546633,sailor,83,35
n10548419,salesgirl,45,44
n10548537,salesman,844,755
n10548681,salesperson,1302,1299
n10549510,salvager,24,1
n10550252,sandwichman,56,11
n10550369,sangoma,608,215
n10550468,sannup,12,0
n10551576,sapper,198,132
n10552393,Sassenach,66,0
n10553140,satrap,133,9
n10553235,saunterer,1287,873
n10554024,Savoyard,75,10
n10554141,sawyer,5,2
n10554846,scalper,46,31
n10555059,scandalmonger,9,0
n10555430,scapegrace,6,3
n10556033,scene painter,51,34
n10556518,schemer,438,255
n10556704,schizophrenic,243,71
n10556825,schlemiel,323,263
n10557246,schlockmeister,127,2
n10557854,scholar,40,31
n10559009,scholiast,234,2
n10559288,schoolchild,1544,1508
n10559508,schoolfriend,729,617
n10559683,Schoolman,18,2
n10559996,schoolmaster,1215,743
n10560106,schoolmate,1303,1119
n10560637,scientist,106,67
n10561222,scion,89,85
n10561320,scoffer,172,146
n10561736,scofflaw,98,0
n10562135,scorekeeper,607,401
n10562283,scorer,682,613
n10562509,scourer,7,0
n10562968,scout,7,1
n10563314,scoutmaster,673,174
n10563403,scrambler,1143,712
n10563711,scratcher,88,63
n10564098,screen actor,252,197
n10565502,scrutineer,187,73
n10565667,scuba diver,1300,1027
n10566072,sculptor,1215,907
n10567613,Sea Scout,165,163
n10567722,seasonal worker,134,46
n10567848,seasoner,30,25
n10568200,second baseman,57,47
n10568358,second cousin,1277,1107
n10568443,seconder,15,1
n10568608,second fiddle,504,317
n10568915,second-in-command,238,8
n10569011,second lieutenant,420,188
n10569179,second-rater,518,262
n10570019,secretary,225,137
n10570704,Secretary of Agriculture,367,189
n10571907,Secretary of Health and Human Services,85,71
n10572706,Secretary of State,1316,1010
n10572889,Secretary of the Interior,1284,604
n10573957,sectarian,34,12
n10574311,section hand,115,42
n10574538,secularist,755,111
n10574840,security consultant,571,23
n10575463,seeded player,1327,177
n10575594,seeder,125,19
n10575787,seeker,120,66
n10576223,segregate,21,9
n10576316,segregator,372,6
n10576676,selectman,392,71
n10576818,selectwoman,89,4
n10576962,selfish person,412,212
n10577182,self-starter,234,231
n10577284,seller,1497,1494
n10577710,selling agent,236,106
n10577820,semanticist,114,1
n10578021,semifinalist,801,126
n10578162,seminarian,306,208
n10578471,senator,1362,1035
n10578656,sendee,6,0
n10579062,senior,276,107
n10579549,senior vice president,218,166
n10580030,separatist,449,45
n10580437,septuagenarian,207,18
n10580535,serf,226,120
n10581648,spree killer,109,3
n10581890,serjeant-at-law,867,354
n10582604,server,236,2
n10582746,serviceman,1418,1248
n10583387,settler,1241,1165
n10583790,settler,1072,1022
n10585077,sex symbol,631,385
n10585217,sexton,212,115
n10585628,shaheed,49,20
n10586166,Shakespearian,2,0
n10586265,shanghaier,39,15
n10586444,sharecropper,190,185
n10586903,shaver,94,93
n10586998,Shavian,5,0
n10588074,sheep,1291,972
n10588357,sheik,1352,501
n10588724,shelver,34,6
n10588965,shepherd,773,699
n10589666,ship-breaker,6,0
n10590146,shipmate,460,193
n10590239,shipowner,29,8
n10590452,shipping agent,87,4
n10590903,shirtmaker,26,2
n10591072,shogun,4,0
n10591811,shopaholic,115,55
n10592049,shop girl,28,14
n10592811,shop steward,451,263
n10593521,shot putter,449,8
n10594147,shrew,73,30
n10594523,shuffler,2,0
n10594857,shyster,258,183
n10595164,sibling,1338,1246
n10595647,sick person,663,246
n10596517,sightreader,77,0
n10596899,signaler,14,3
n10597505,signer,127,87
n10597745,signor,78,69
n10597889,signora,15,8
n10598013,signore,70,56
n10598181,signorina,1285,854
n10598459,silent partner,77,1
n10598904,addle-head,9,4
n10599215,simperer,11,0
n10599806,singer,1327,1294
n10601234,Sinologist,55,0
n10601362,sipper,6,4
n10602119,sirrah,185,141
n10602470,Sister,919,474
n10602985,sister,1340,1298
n10603528,waverer,67,0
n10603851,sitar player,865,168
n10604275,sixth-former,216,6
n10604380,skateboarder,1538,1507
n10604634,skeptic,266,250
n10604880,sketcher,146,127
n10604979,skidder,1227,206
n10605253,skier,368,207
n10605737,skinny-dipper,31,0
n10607291,skin-diver,1240,507
n10607478,skinhead,1230,879
n10609092,slasher,13,9
n10609198,slattern,188,145
n10610465,sleeper,1276,1245
n10610850,sleeper,621,577
n10611267,sleeping beauty,667,398
n10611613,sleuth,1166,679
n10612210,slob,35,18
n10612373,sloganeer,25,2
n10612518,slopseller,17,0
n10613996,smasher,1447,1438
n10614507,smirker,32,15
n10614629,smith,114,60
n10615179,smoothie,11,5
n10615334,smuggler,54,20
n10616578,sneezer,90,0
n10617024,snob,79,66
n10617193,snoop,8,5
n10617397,snorer,151,10
n10618234,sob sister,199,13
n10618342,soccer player,1402,1308
n10618465,social anthropologist,46,1
n10618685,social climber,3,0
n10618848,socialist,59,34
n10619492,socializer,224,16
n10619642,social scientist,229,17
n10619888,social secretary,125,26
n10620212,Socinian,157,0
n10620586,sociolinguist,544,1
n10620758,sociologist,1261,217
n10621294,soda jerk,92,31
n10621400,sodalist,290,259
n10621514,sodomite,2,1
n10622053,soldier,1266,1053
n10624074,son,1291,1273
n10624310,songster,1045,1005
n10624437,songstress,683,356
n10624540,songwriter,1140,1041
n10625860,sorcerer,6,4
n10626630,sorehead,22,5
n10627252,soul mate,1139,503
n10628097,Southern Baptist,212,113
n10628644,sovereign,1131,103
n10629329,spacewalker,197,10
n10629647,Spanish American,113,61
n10629939,sparring partner,1070,439
n10630093,spastic,107,37
n10630188,speaker,1269,801
n10631131,native speaker,400,46
n10631309,Speaker,1219,710
n10631654,speechwriter,47,2
n10632576,specialist,104,49
n10633298,specifier,15,0
n10633450,spectator,1313,986
n10634464,speech therapist,141,1
n10634849,speedskater,1335,652
n10634990,spellbinder,20,0
n10635788,sphinx,1430,1414
n10636488,spinster,194,103
n10637483,split end,20,18
n10638922,sport,1424,1278
n10639238,sport,376,257
n10639359,sporting man,600,591
n10639637,sports announcer,572,103
n10639817,sports editor,38,13
n10641223,sprog,436,175
n10642596,square dancer,1250,770
n10642705,square shooter,99,54
n10643095,squatter,17,15
n10643837,squire,42,19
n10643937,squire,264,185
n10644598,staff member,1253,645
n10645017,staff sergeant,1469,407
n10645223,stage director,236,196
n10646032,stainer,87,21
n10646140,stakeholder,443,147
n10646433,stalker,7,0
n10646641,stalking-horse,406,19
n10646780,stammerer,224,95
n10646942,stamper,8,8
n10647745,standee,41,27
n10648237,stand-in,1,0
n10648696,star,234,233
n10649197,starlet,834,224
n10649308,starter,17,11
n10650162,statesman,17,4
n10652605,state treasurer,867,399
n10652703,stationer,3,2
n10654015,stenographer,112,5
n10654211,stentor,127,1
n10654321,stepbrother,64,51
n10654827,stepmother,23,22
n10654932,stepparent,405,31
n10655169,stevedore,1,1
n10655442,steward,210,65
n10655594,steward,1206,854
n10655730,steward,12,1
n10655986,stickler,120,81
n10656120,stiff,172,132
n10656223,stifler,71,17
n10656969,stipendiary,398,1
n10657306,stitcher,129,85
n10657556,stockjobber,268,0
n10657835,stock trader,687,175
n10658304,stockist,31,1
n10659042,stoker,236,164
n10659762,stooper,73,7
n10660128,store detective,49,17
n10660621,strafer,62,5
n10660883,straight man,73,40
n10661002,stranger,137,93
n10661216,stranger,6,1
n10661563,strategist,612,371
n10661732,straw boss,393,197
n10663315,streetwalker,34,18
n10663549,stretcher-bearer,10,1
n10665302,struggler,38,4
n10665587,stud,1243,949
n10665698,student,1204,983
n10666752,stumblebum,5,1
n10667477,stylist,1317,1296
n10667709,subaltern,99,10
n10667863,subcontractor,521,68
n10668450,subduer,28,0
n10668666,subject,29,25
n10669991,subordinate,457,243
n10671042,substitute,118,114
n10671613,successor,1203,623
n10671736,successor,510,290
n10671898,succorer,46,0
n10672371,Sufi,949,821
n10672540,suffragan,37,6
n10672662,suffragette,447,105
n10673296,sugar daddy,83,42
n10673776,suicide bomber,10,5
n10674130,suitor,239,72
n10674713,sumo wrestler,1350,1028
n10675010,sunbather,1149,884
n10675142,sundowner,96,93
n10675609,super heavyweight,186,38
n10676018,superior,262,100
n10676434,supermom,301,72
n10676569,supernumerary,62,40
n10678937,supremo,522,267
n10679174,surgeon,1229,656
n10679503,Surgeon General,50,9
n10679610,Surgeon General,7,0
n10679723,surpriser,64,1
n10680609,surveyor,612,282
n10680796,surveyor,555,289
n10681194,survivor,3,1
n10681557,sutler,21,8
n10682713,sweeper,376,283
n10682953,sweetheart,1222,655
n10683675,swinger,152,76
n10684146,switcher,122,95
n10684630,swot,362,243
n10684827,sycophant,131,117
n10685398,sylph,723,21
n10686073,sympathizer,641,331
n10686517,symphonist,5,0
n10686694,syncopator,4,3
n10686885,syndic,1245,85
n10688356,tactician,623,111
n10688811,tagger,27,9
n10689306,tailback,1424,547
n10690268,tallyman,12,0
n10690421,tallyman,136,86
n10690648,tanker,839,113
n10691318,tapper,4,0
n10691937,Tartuffe,94,25
n10692090,Tarzan,255,56
n10692482,taster,1209,592
n10692883,tax assessor,381,101
n10693235,taxer,330,4
n10693334,taxi dancer,243,29
n10693824,taxonomist,455,44
n10694258,teacher,1206,914
n10694939,teaching fellow,256,80
n10695450,tearaway,222,31
n10696101,technical sergeant,236,1
n10696508,technician,1291,505
n10697135,Ted,77,69
n10697282,teetotaler,144,41
n10698368,television reporter,1222,814
n10699558,temporizer,41,0
n10699752,tempter,75,0
n10699981,term infant,462,163
n10700105,toiler,7,0
n10700201,tenant,293,241
n10700640,tenant,10,1
n10700963,tenderfoot,38,34
n10701180,tennis player,1452,1082
n10701644,tennis pro,1247,625
n10701962,tenor saxophonist,1220,107
n10702167,termer,463,19
n10702615,terror,333,329
n10703221,tertigravida,162,56
n10703336,testator,124,23
n10703480,testatrix,274,0
n10703692,testee,15,3
n10704238,test-tube baby,93,19
n10704712,Texas Ranger,15,9
n10704886,thane,92,64
n10705448,theatrical producer,18,3
n10705615,theologian,62,2
n10706812,theorist,175,25
n10707134,theosophist,660,13
n10707233,therapist,1238,327
n10707707,Thessalonian,140,2
n10708292,thinker,75,68
n10708454,thinker,257,233
n10709529,thrower,1233,597
n10710171,thurifer,74,3
n10710259,ticket collector,75,38
n10710778,tight end,421,256
n10710913,tiler,227,69
n10711483,timekeeper,24,22
n10711766,Timorese,1204,781
n10712229,tinkerer,254,166
n10712374,tinsmith,175,73
n10712474,tinter,93,1
n10712690,tippler,109,77
n10712835,tipster,60,14
n10713254,T-man,12,2
n10713686,toastmaster,74,49
n10713843,toast mistress,227,3
n10714195,tobogganist,19,1
n10715030,tomboy,123,80
n10715347,toolmaker,35,3
n10715789,torchbearer,175,94
n10716576,Tory,219,162
n10716864,Tory,15,1
n10717055,tosser,19,12
n10717196,tosser,10,9
n10717337,totalitarian,409,109
n10718131,tourist,1340,1338
n10718349,tout,12,1
n10718509,tout,52,43
n10718665,tovarich,145,21
n10718952,towhead,409,169
n10719036,town clerk,122,32
n10719132,town crier,768,451
n10719267,townsman,11,5
n10719807,toxicologist,16,0
n10720197,track star,53,24
n10720453,trader,338,276
n10720964,trade unionist,307,294
n10721124,traditionalist,16,3
n10721321,traffic cop,1308,1035
n10721612,tragedian,5,0
n10721708,tragedian,36,10
n10721819,tragedienne,232,5
n10722029,trail boss,99,42
n10722575,trainer,280,255
n10722965,traitor,384,90
n10723230,traitress,152,32
n10723597,transactor,10,0
n10724132,transcriber,5,0
n10724372,transfer,5,0
n10724570,transferee,112,3
n10725280,translator,51,46
n10726031,transvestite,1400,1169
n10726786,traveling salesman,25,25
n10727016,traverser,122,43
n10727171,trawler,1223,818
n10727458,Treasury,1154,18
n10728117,trencher,309,58
n10728233,trend-setter,272,21
n10728624,tribesman,875,468
n10728998,trier,382,194
n10729330,trifler,16,1
n10730542,trooper,11,7
n10730728,trooper,1256,668
n10731013,Trotskyite,8,2
n10731732,truant,115,32
n10732010,trumpeter,1279,797
n10732521,trusty,64,10
n10732854,Tudor,92,18
n10732967,tumbler,373,353
n10733820,tutee,105,24
n10734394,twin,1339,878
n10734741,two-timer,69,1
n10734891,Tyke,717,692
n10734963,tympanist,298,56
n10735173,typist,150,64
n10735298,tyrant,22,18
n10735984,umpire,124,124
n10737103,understudy,964,478
n10737264,undesirable,8,3
n10738111,unicyclist,1454,1009
n10738215,unilateralist,143,0
n10738670,Unitarian,15,6
n10738871,Arminian,75,0
n10739135,universal donor,175,14
n10739297,UNIX guru,25,0
n10739391,Unknown Soldier,1168,954
n10740594,upsetter,7,2
n10740732,upstager,6,1
n10740868,upstart,1139,673
n10741152,upstart,108,79
n10741367,urchin,443,276
n10741493,urologist,81,1
n10742005,usherette,100,49
n10742111,usher,38,11
n10742546,usurper,75,54
n10742997,utility man,361,10
n10743124,utilizer,374,213
n10743356,Utopian,20,1
n10744078,uxoricide,27,0
n10744164,vacationer,466,322
n10745006,valedictorian,517,189
n10745770,valley girl,227,153
n10746931,vaulter,1302,280
n10747119,vegetarian,750,707
n10747424,vegan,5,2
n10747548,venerator,7,0
n10747965,venture capitalist,387,56
n10748142,venturer,17,13
n10748506,vermin,52,45
n10748620,very important person,1270,702
n10749928,vibist,375,17
n10750031,vicar,956,283
n10750188,vicar,311,202
n10750640,vicar-general,561,29
n10751026,vice chancellor,233,188
n10751152,vicegerent,465,31
n10751265,vice president,30,8
n10751710,vice-regent,16,0
n10752480,victim,7,3
n10753061,Victorian,61,55
n10753182,victualer,11,5
n10753339,vigilante,111,23
n10753442,villager,1205,1002
n10753989,vintager,17,2
n10754189,vintner,789,415
n10754281,violator,63,39
n10754449,violator,24,13
n10755080,violist,1138,397
n10755164,virago,91,39
n10755394,virologist,43,0
n10755648,Visayan,457,78
n10756061,viscountess,7,2
n10756148,viscount,1341,1335
n10756261,Visigoth,23,13
n10756641,visionary,146,138
n10756837,visiting fireman,5,5
n10757050,visiting professor,640,344
n10757492,visualizer,440,219
n10758337,vixen,126,68
n10758445,vizier,121,20
n10758949,voicer,14,0
n10759151,volunteer,5,4
n10759331,volunteer,119,76
n10759982,votary,10,8
n10760199,votary,86,25
n10760622,vouchee,12,12
n10760951,vower,53,4
n10761190,voyager,469,236
n10761326,voyeur,363,257
n10761519,vulcanizer,6,3
n10762212,waffler,281,47
n10762480,Wagnerian,22,1
n10763075,waif,674,466
n10763245,wailer,89,87
n10763383,waiter,1277,973
n10763620,waitress,854,406
n10764465,walking delegate,80,9
n10764622,walk-on,33,33
n10764719,wallah,365,317
n10765305,wally,14,4
n10765587,waltzer,3,1
n10765679,wanderer,572,499
n10765885,Wandering Jew,13,0
n10766260,wanton,290,23
n10768148,warrantee,108,1
n10768272,warrantee,123,2
n10768903,washer,196,142
n10769084,washerman,1,1
n10769188,washwoman,175,127
n10769321,wassailer,15,2
n10769459,wastrel,100,71
n10771066,Wave,26,14
n10772092,weatherman,731,90
n10772580,weekend warrior,10,0
n10772937,weeder,58,12
n10773665,welder,748,410
n10773800,welfare case,76,39
n10774329,westerner,132,74
n10774756,West-sider,31,0
n10775003,wetter,99,84
n10775128,whaler,22,12
n10776052,Whig,5,1
n10776339,whiner,22,20
n10776887,whipper-in,71,13
n10777299,whisperer,80,0
n10778044,whiteface,346,102
n10778148,Carmelite,324,182
n10778711,Augustinian,281,160
n10778999,white hope,17,5
n10779610,white supremacist,104,31
n10779897,whoremaster,19,1
n10779995,whoremaster,16,8
n10780284,widow,1084,580
n10780632,wife,1292,797
n10781236,wiggler,150,43
n10781817,wimp,290,219
n10782362,wing commander,256,103
n10782471,winger,979,161
n10782791,winner,477,393
n10782940,winner,490,332
n10783240,window dresser,31,31
n10783539,winker,173,147
n10783646,wiper,2,1
n10783734,wireman,58,6
n10784113,wise guy,148,141
n10784544,witch doctor,74,51
n10784922,withdrawer,32,0
n10785480,withdrawer,40,1
n10787470,woman,1405,1382
n10788852,woman,402,397
n10789415,wonder boy,48,31
n10789709,wonderer,179,84
n10791115,working girl,510,354
n10791221,workman,1204,1161
n10791820,workmate,18,9
n10791890,worldling,12,0
n10792335,worshiper,558,438
n10792506,worthy,37,24
n10792856,wrecker,493,284
n10793570,wright,1261,1031
n10793799,write-in candidate,42,14
n10794014,writer,53,53
n10801561,Wykehamist,19,0
n10801802,yakuza,269,193
n10802507,yard bird,1355,1179
n10802621,yardie,77,18
n10802953,yardman,53,22
n10803031,yardmaster,21,13
n10803282,yenta,15,3
n10803978,yogi,233,97
n10804287,young buck,1403,1397
n10804636,young Turk,397,263
n10804732,Young Turk,30,22
n10805501,Zionist,135,85
n10806113,zoo keeper,835,510